伊麗莎白雅頓,升級版金裝時空修護膠囊 (60capsule(s)),HK$558.0
SNP,金絲燕窩深層保濕面膜   (10piece),HK$68.0
伊麗莎白雅頓,升級版金裝時空修護眼部膠囊 (60capsule(s)),HK$428.0
SK-II,護膚精華 (230ml),HK$966.0
資生堂,紅研肌活精華 (50ml),HK$688.0
伊麗莎白雅頓,升級版金裝時空修護膠囊 (90capsule(s)),HK$758.0
SK-II,R.N.A. 立體緊緻精華霜  (80g),HK$900.0
SNP,水鑽美白保濕面膜  (10piece),HK$75.0
雅詩蘭黛,亮肌抗氧系列套裝（3 件裝） (3piece),HK$828.0
森田藥粧,玻尿酸複合原液面膜  (10piece),HK$78.0
蘭金,升級版冰鑽活膚亮眼肌底液  (20ml),HK$435.0
Clarins,纖顏緊緻精華  (50ml),HK$527.0
Leaders Clinic,氨基酸深層補水針劑面膜   (10piece),HK$48.0
RAY,泰國妝蕾蠶絲面膜 (10piece) (Gold),HK$78.0
RAY,泰國妝蕾蠶絲面膜(銀) (10piece) (Silver),HK$73.0
HABA,鯊烯美肌清油 (30ml),HK$225.0
SNP,金裝豬皮骨膠原面膜  (10piece),HK$75.0
森田藥粧,玻尿酸複合原液面膜  (5piece),HK$45.0
蘭金,嫩肌活膚精華肌底液(進化版) (試用裝)  (7ml),HK$58.0
SK-II,R.N.A. 立體緊緻修護眼霜 (15g),HK$560.0
COYU,10000ppm涂抹式藍銅水光針導入精華(藍光針)  (12piece),HK$280.8
Clarins,煥顏緊緻全能眼霜 (15ml),HK$425.0
SNP,海獺保濕水漾面膜  (10piece),HK$75.0
SNP,礦泉水木炭面膜 (10piece),HK$75.0
MVSK,MVSK®黃金羊胎素再生精華  (4piece),HK$143.8
SNP,老虎抗皺緊緻面膜  (10piece),HK$75.0
DR.CI-LABO,零毛孔細緻化妝水 (100ml),HK$95.0
PAPA RECIPE,春雨蜂蜜美白面膜 (10 片裝) (10piece),HK$78.0
SNP,黑珍珠面膜  (10piece),HK$75.0
蘭金,嫩肌活膚套裝 (3piece),HK$1588.0
雅詩蘭黛,亮肌抗氧活膚水(滋潤保濕) (200ml),HK$319.0
雅詩蘭黛,亮肌抗氧保濕霜  (50ml),HK$398.0
A.H.C,B5玻尿酸高效水合啫喱精華 (50ml),HK$188.0
SNP,熊貓美白亮肌面膜  (10piece),HK$75.0
SK-II,護膚精華 (160ml),HK$812.0
MVSK,MVSK®矜貴黑曜石鱘魚子全效眼霜  (20ml),HK$191.8
GUERISSON,奇跡馬油霜  (70g),HK$65.0
蘭芝,蘭芝(全新升級)夜間修護睡眠面膜(70毫升)  (70ml),HK$135.0
DEVDO,DEVDO®【德國最新細胞複製技術HPBRTTM】 人胎素雙幹細胞深層煥白淡班導入精華...,HK$417.6
可萊絲,高效特強保濕導入面膜  (11piece),HK$75.0
雅詩蘭黛,亮肌抗氧二合一潔面泡沫/淨化面膜 (125ml),HK$218.0
伊麗莎白雅頓,SPF 15 顯效潤澤唇膏 (3.7g),HK$115.0
巴黎歐萊雅,抗皺緊緻全效修護組合   (5piece),HK$478.0
It's Skin,晶鑽肌膚再生霜（蝸牛霜）  (60ml),HK$249.0
HABA,G 露水  (180ml),HK$195.0
歐樹,玫瑰花瓣柔膚水 (400ml),HK$248.0
瑞士葆麗美,活氧細胞生肌升華露 (60ml),HK$540.0
可萊絲,Line Friends 親古高效特強保濕導入面膜  (10piece),HK$79.0
DR.CI-LABO,零毛孔細緻化妝水 (200ml),HK$180.0
Rearar,黃金鑽石多效修護眼膜  (60piece),HK$63.0
COYU,涂抹式亮白去班去印水光針導入精華(激光美白針) (12piece),HK$316.8
理膚寶水,溫泉舒緩噴液  (300ml),HK$88.0
果達兒,蝸牛晶瑩煥亮面霜  (50ml),HK$135.0
BEAUTY BAR,24K 黃金美容棒 (1piece),HK$699.0
科颜氏,特效清爽保濕啫喱乳霜 (125ml),HK$499.0
可萊絲,高效能特強美白補水木炭礦物面膜   (10piece),HK$59.0
Albion,爽膚精萃液 (330ml),HK$699.0
森田藥粧,三重玻尿酸複合原液面膜 (10piece),HK$65.0
雅詩蘭黛,亮肌活膚抗氧修護晚霜/面膜  (50ml),HK$448.0
SNP,聖誕版金絲燕窩深層保濕面膜(盒裝) (12piece),HK$79.0
Clé de Peau,極致修護調膚水  (170ml),HK$640.0
It's Skin,紅蔘微整形蝸牛霜  (60ml),HK$306.0
蘭芝,基礎系列護膚套裝_深層水潤 (5piece),HK$320.0
FRESH,紅茶晚間緊緻面膜 (100ml),HK$660.0
雅詩蘭黛,亮肌抗氧活膚水(清爽保濕) (200ml),HK$319.0
FRESH,玫瑰保濕噴霧   (250ml),HK$285.0
DR.CI-LABO,VC100 零毛孔透肌精華水 (150ml),HK$299.0
樂敦,CC美容液   (20ml),HK$78.0
CUREL,深層高效保濕面霜 (40g),HK$180.0
雅詩蘭黛,微精華原生液 (150ml),HK$558.0
Clarins,煥顏緊緻頸霜  (50ml),HK$578.0
雅詩蘭黛,升級再生基因修護亮眼精萃 (15ml),HK$428.0
雪花秀,與潤面膜 (120ml),HK$297.0
FRESH,玫瑰保濕面膜  (100ml),HK$420.0
MVSK,MVSK®24K金羊胎素EGF再生眼部時空膠囊 300mgx72caps (72cap...,HK$191.8
GUERISSON,奇跡馬油霜套裝  (2piece),HK$78.0
MVSK,MVSK®24K金羊胎素再生活膚霜50g (50g),HK$215.8
MVSK,MVSK®24K金羊胎素再生眼霜 (20g),HK$239.8
EAU PRECIEUSE,水楊酸爽膚水（法國珍貴水） (375ml),HK$70.0
CLOUD 9,九朵雲 美白去斑面霜  (50ml),HK$72.0
It's Skin,晶鑽蝸牛洗面乳  (150ml),HK$116.0
MINON,氨基酸保濕面膜 (4 片) (4piece),HK$83.0
SNP,濟州馬油緊緻滋潤面膜 (10 片裝)   (10piece),HK$75.0
雪花秀,玉容面膜 (150ml),HK$224.0
可萊絲,茶樹舒緩抗敏保濕導入面膜  (10piece),HK$59.0
蘭金,溫和卸妝潔面套裝 (2piece),HK$450.0
SexyLook,超補水極潤黑面膜禮盒   (16piece),HK$138.0
JMsolution,肌司研蜜螢潤蜂膠面膜 (10piece),HK$59.0
植村秀,火山泥淨白潔顏油   (450ml),HK$469.0
斯佳唯婷,StriVectin-SD® 抗皺眼霜 – 升級版 (30ml),HK$680.0
巴黎歐萊雅,金致臻颜 奢養緊妍全效套裝 (4piece),HK$599.0
COYU,涂抹式幹細胞抗衰老水光針(HIFU嬰肌針) (12piece),HK$352.8
Dr. Jart+,專業瞬間水潤面膜 (5piece),HK$98.0
SNP,神龍敏感舒緩面膜  (10piece),HK$75.0
貝佳斯,礦物營養系列套裝 (2 件裝)  (2piece),HK$188.0
資生堂,抗皺日間修護乳液SPF15  (75ml),HK$338.0
蘭芝,基礎系列護膚套裝_輕盈清爽 (5piece),HK$320.0
雅詩蘭黛,升級新生活膚全能面霜 (50ml),HK$585.0
Rearar,贵妇黑珍珠眼膜  (60piece),HK$63.0
蘭金,立體塑顏緊緻水潤日霜 (15ml) (Pink),HK$68.0
BALEA,透明質酸補濕緊緻精華安瓶 (7piece),HK$79.0
資生堂,超微米潔顏乳  (120g),HK$32.0
sasatinnie,全效水潤透光面膜 (5piece),HK$138.0
It's Skin,蝸牛精華面貼   (5piece),HK$102.0
SK-II,淨肌護膚潔面乳 (試用裝)  (20ml),HK$48.0
Dia Force,黃金鑽石多效修護眼膜  (60piece),HK$59.0
科颜氏,10.5亮白撫紋雙效精華 (50ml),HK$599.0
SNP,京劇保濕水漾面膜   (10piece),HK$51.0
It's Skin,晶鑽蝸牛全效修護化妝水 (清爽型)  (140ml),HK$168.0
HABA,鯊烯美肌清油 (15ml),HK$146.0
Leaders Clinic,水庫深層補水面膜貼  (10piece),HK$69.0
海藍之謎,妍塑緊緻眼部精華 (15ml),HK$1600.0
A.H.C,B5玻尿酸睡眠面膜 (100ml),HK$78.0
Barrier Repair (Mandom Corp),保濕潤肌面膜  (10piece),HK$58.0
獅王,PAIR藥用暗瘡膏W (14g),HK$95.0
科颜氏,青瓜植物精華爽膚水  (500ml),HK$293.0
A.H.C,第五代多重功效眼霜 (60ml),HK$95.0
巴黎歐萊雅,光學嫩膚全效組合 (5piece),HK$599.0
佑天娜,Premium Puresa 黃金凝膠面膜 (透明質酸)  (3piece),HK$48.0
FRESH,紅茶瞬間修護面膜  (100ml),HK$660.0
A.H.C,高濃度B5高效水合透明質酸面膜  (5piece),HK$79.0
蘭芝,深層水潤細膚水 (200ml),HK$145.0
彼得羅夫,玫瑰細胞修護面膜 (Hello Kitty 限量版) (150ml),HK$520.0
SNP,京劇美白亮肌面膜  (10piece),HK$48.0
Rearar,貴婦紅寶石眼膜  (60piece),HK$63.0
ANESSA,ANESSA保濕UV乳液套裝 (2piece),HK$269.0
佑天娜,Premium Puresa 黃金凝膠面膜 (雙重膠原蛋白)  (3piece),HK$48.0
雪花秀,潤燥精華  (60ml),HK$435.0
瑞士葆麗美,活膚更生面膜   (200ml),HK$1248.0
SNP,京劇柔滑保濕面膜  (10piece),HK$48.0
Medicox,MF100 美人儀  (1piece),HK$198.0
freeplus,淨潤洗面霜 (100g),HK$137.0
MVSK,MVSK®龍血樹活氧細胞肌底昇華露  (120ml),HK$191.8
MVSK,MVSK®24K金羊胎素肌底再生活膚露(微乳化技術)110ml (110ml),HK$239.8
碧柔,SPF50+PA++++水凝長效保濕防曬乳   (50ml),HK$84.9
豆腐盛田屋,玉之輿豆乳優格面膜  (150g),HK$99.0
Dr. Jart+,專業淨化微細纖維面膜  (5piece),HK$165.0
Fancl,MCO 納米卸粧液 (120ml),HK$168.0
SNP,小松鼠保濕面膜  (10piece),HK$48.0
Medicox,皇家鱘魚子 全效緊緻眼霜   (15g),HK$368.0
伊麗莎白雅頓,顯效8小時潤澤霜 (50ml),HK$148.0
I-Mju HATOMUGI,日本薏仁化妝水 附送5片裝面膜紙套裝 (500ml),HK$59.0
雪花秀,與潤面膜 (迷你裝) (30ml),HK$70.0
DEVDO,DEVDO®【德國最新複製技術HPBRTTM】人胎素雙幹細胞抗皺活膚眼唇霜 (30ml...,HK$297.6
JayJun,多維生素增強面膜 (10piece),HK$90.0
伊麗莎白雅頓,無瑕未來亮采美肌套裝 (2piece),HK$498.0
欣蘭,黑裡透白凍膜 (500g),HK$250.0
蘭金,立體塑顏緊緻晚霜 (15ml),HK$68.0
歐緹麗,葡萄籽保濕噴霧 (200ml),HK$130.0
高絲雪肌精,雪肌精乳液套裝 (2 件裝) (2piece),HK$499.0
格萊魅,"GLAM GLOW, 補水補濕面膜 (50g)",HK$409.0
品木宣言,靈芝菇菌抗逆健膚紓緩水 (200ml),HK$240.0
DEVDO,DEVDO®【德國最新複製技術HPBRTTM】人胎素雙幹細胞矜貴V臉抗老雙激萃 (30...,HK$357.6
佑天娜,黃金玫瑰果凍面膜 (3 片裝) (3piece),HK$48.0
伊麗莎白雅頓,升級版金裝時空膠囊美肌活膚套裝 (4piece),HK$629.0
A.H.C,B5高效水合透明質酸補濕水 (100ml),HK$75.0
MINON,氨基酸保濕滋潤乳液 (100g),HK$158.0
雅詩蘭黛,升級再生基因瞬效修護膠囊 (60capsule(s)),HK$792.0
蘭金,立體塑顏緊緻日霜 SPF 15 (50ml),HK$590.0
MVSK,MVSK®矜貴黑曜石鱘魚子導入珍珠囊精華(面+頸) (50ml),HK$191.8
可萊絲,DNA乳清蛋白面膜 (10piece),HK$59.0
FRESH,大豆卸妝潔面乳  (150ml),HK$288.0
彼得羅夫,藍藻深層保濕面膜 (150ml),HK$520.0
FRESH,紅茶抗皺緊緻修復液 (120ml),HK$450.0
蘭芝,水活細胞再生補濕液 (100ml),HK$250.0
MVSK,MVSK®矜貴黑曜石鱘魚子精華霜(面+頸) (50ml),HK$167.8
HABA,VC 美白重生露 (180ml),HK$460.0
DEVDO,透明質酸B5長效保濕冷凍注射精華 (30piece),HK$297.6
瑞士葆麗美,活氧細胞緊緻套裝 (4件裝)  (4piece),HK$1998.0
蘭金,清柔卸妝潔面套裝 (2piece),HK$400.0
It's Skin,晶鑽蝸牛全效修護乳液 (滋潤型)  (140ml),HK$180.0
FRESH,玫瑰保濕啫喱霜 (50ml),HK$320.0
Kose Cosmeport,速效卸妝油套裝 (2件裝)  (430ml),HK$48.0
SNP,小兔子美白面膜  (10piece),HK$48.0
EVIAN,法國天然礦泉水噴霧   (300ml),HK$55.0
高絲,透明質酸面膜30片裝 (30piece),HK$68.0
KRACIE,肌美精深層美白3D立體保濕美容液面膜 (4piece),HK$68.0
瑞士葆麗美,尊貴魚子睡眠面膜 (50ml),HK$1448.0
MVSK,MVSK®24K金羊胎素再生面膜(三段式程序) 100ml (100ml),HK$191.8
森田藥粧,複合膠原黑面膜  (7piece),HK$48.0
肌研,極潤x白潤x彈力肌面膜優惠裝  (12piece),HK$94.4
Clarins,水潤活肌保濕霜(任何肌膚)  (50ml),HK$391.0
雅詩蘭黛,淡斑化妝水 (200ml),HK$365.0
希思黎,全效細緻毛孔精華 (30ml),HK$900.0
蘭芝,深層水潤補濕液 (120ml),HK$184.0
PAPA RECIPE,春雨玫瑰黃金蜂蜜面膜 (5 片裝) (5piece),HK$58.0
SK-II,R.N.A. 立體緊緻精華霜 (50g),HK$660.0
泉肌,透明質酸保濕潔面卸妝水 (500ml),HK$98.0
Kose Cosmeport,BABYISH面膜 (50piece),HK$98.0
FRESH,紅茶抗皺緊緻精華 (50ml),HK$680.0
CUREL,水凝保濕乳液 (120ml),HK$180.0
佑天娜,Premium Puresa蜂皇漿黃金果凍面膜 (3 片裝) (3piece),HK$48.0
科颜氏,特效清爽保濕爽膚水  (250ml),HK$199.0
Barrier Repair (Mandom Corp),彈力嫩肌面膜   (10piece),HK$58.0
可萊絲,高效水潤保濕導入面膜 (10piece),HK$85.0
A.H.C,高效 B5 水合舒緩保濕洗面乳 (180ml),HK$73.0
MVSK,MVSK®深層保濕滑膚海洋面膜(水母黏液+海星細胞+活性海藻+冰川水)  (100ml...,HK$143.8
MVSK,鈦合金0.25MM無痛微針滾輪(540微針頭) (1piece),HK$239.8
碧歐泉,溫泉冰感眼霜 (15ml),HK$230.0
可萊絲,零毛孔特強保濕緊緻木炭礦物面膜  (10piece),HK$59.0
彼得羅夫,玫瑰細胞修護面膜套裝 (3piece),HK$767.0
A.H.C,高效B5水合爽膚水 (120ml),HK$99.0
瑞士葆麗美,水份彈性面膜  (200ml),HK$1144.0
It's Skin,晶鑽蝸牛全效修護化妝水 (滋潤型)  (140ml),HK$180.0
DEVDO,逆齡導入精華 90% HPBRT™ (人胎素複製成份) (30piece),HK$561.6
確不同,SPF50 嬰幼兒滋潤防曬露 (237ml),HK$98.0
雪花秀,基礎護理套裝 (2 件裝) (2piece),HK$25.0
Clarins,煥顏緊緻晚霜 (適合任何肌膚)  (50ml),HK$646.0
Clarins,清爽平衡潔面泡沫 (125ml),HK$204.0
SNP,小貓咪緊緻面膜  (10piece),HK$48.0
Fancl,淨肌保濕潔面粉 (50g),HK$132.0
Dr. Jart+,專業亮肌微細纖維面膜   (5piece),HK$109.0
可萊絲,燕窩蛋白膠原氨基酸潤肌面膜  (10piece),HK$59.0
HABA,鯊烯精華卸妝油  (120ml),HK$187.0
Clarins,電眼精華 (15ml),HK$425.0
資生堂,Glow Revival Eye Treatment (15ml),HK$360.0
Clarins,滋潤舒緩潔面泡沫 (125ml),HK$204.0
Barrier Repair (Mandom Corp),曼丹嬰兒肌 緊緻滑肌面膜  (10piece),HK$58.0
Barrier Repair (Mandom Corp),BARRIER REPAIR 三重補濕彈力面膜(極潤)  (5piece),HK$69.9
悅詩風吟,綠茶籽保溼精華 (80ml),HK$138.0
資生堂,Glow Revival Cream (50ml),HK$648.0
科颜氏,1號護唇膏  (15ml) (#1),HK$80.0
彼得羅夫,植物角鯊烯精華液 (30ml),HK$420.0
蘭芝,輕盈清爽補濕液 (120ml),HK$184.0
蘭芝,水凝潔膚泡沫  (180ml),HK$110.0
Rosette,去角質凝膠  (120g),HK$29.9
FRESH,紅茶抗皺緊緻精華眼霜 (15ml),HK$710.0
彼得羅夫,玫瑰細胞修護精華水 (Hello Kitty 限量版) (200ml),HK$360.0
科颜氏,金盞花深層潔面泡沫 (230ml),HK$221.0
MVSK,24K金離子導入棒,HK$599.8
FRESH,睡蓮青春活膚眼霜 (15ml),HK$400.0
PAPA RECIPE,春雨蜂蜜保濕爽膚水 (200ml),HK$65.0
Clarins,煥顏緊緻日霜 (適合任何肌膚)  (50ml),HK$612.0
獅王,麗的化妝棉180片孖裝送贈品  (360piece),HK$29.9
L'AFFAIR,彩虹三部曲面膜 (水庫)  (10piece),HK$75.0
雪花秀,滋陰乳液 (125ml),HK$320.0
瑞士葆麗美,魚子緊緻護理套裝 (7ml),HK$2880.0
Medicox,皇家黃金鱘魚子全效再生精華  (30ml),HK$388.0
Medicox,MF2.0 美光儀 (1piece) (Champagne Gold),HK$796.0
可萊絲,Line Friends 莎莉高效抗痘淨膚保濕導入面膜  (10piece),HK$79.0
歐緹麗,葡萄潔顏摩絲 (150ml),HK$130.0
MVSK,MVSK®矜貴黑曜石鱘魚子眼底導入珍珠囊精華 (30ml),HK$215.8
JMsolution,肌司研蠶絲安基酸水基美白面膜 (10piece),HK$72.0
蘭金,立體塑顏緊緻眼霜 (5ml),HK$68.0
FRESH,黃糖潤色護唇膏 SPF15 #珊瑚橙紅 (4.3g) (#Coral),HK$208.0
Albion,清新水潤滲透乳 II (保濕型)II (200g),HK$408.0
欣蘭,黑裡透白凍膜 (225g),HK$138.0
碧柔,碧柔水凝清爽保濕防曬乳 (90ml),HK$84.9
It's Skin,紅蔘蝸牛潔面乳 (150ml),HK$112.0
瑞士葆麗美,智能活水套裝  (4piece),HK$968.0
DEVDO,透明質酸B5長效保濕CO2注氧炭酸面膜 (7piece),HK$225.6
A.H.C,高效B5水合透明質酸保濕面霜 (50ml),HK$175.0
資生堂,Luminizing Surge (迷你裝) (15ml),HK$45.0
Dr. Jart+,專業緊緻水溶性凝膠面膜  (5piece),HK$165.0
PAPA RECIPE,春雨蜂蜜保濕乳液 (150ml),HK$65.0
可萊絲,Line Friends 熊大逆時抗皺活膚保濕導入面膜 (10piece),HK$79.0
巴黎歐萊雅,全效保濕抗氧套裝 (5piece),HK$419.0
碧歐泉,緊緻淡紋眼部重塑精華   (15ml),HK$350.0
CAdA Suissesse,幹細胞縝緻抗皺頸霜    (50ml),HK$208.0
歐緹麗,葡萄籽急救保濕精華 (30ml),HK$320.0
蓓麗,活細胞晶瑩亮膚防曬修護乳液 SPF 30 (50ml),HK$2025.0
樂敦,Melano CC 美白淡斑維C精華面膜 (20piece),HK$90.0
freeplus,溫和淨潤卸妝霜 (125g),HK$153.0
Clarins,爽膚水混合性/油性 (200ml),HK$204.0
FRESH,玫瑰深層保濕精華 (30ml),HK$350.0
可萊絲,馬油蛋白膠原氨基酸補水面膜  (10piece),HK$119.0
DR.BSC,DR.BSC全效美肌儀(第2代升級版)   (1piece),HK$189.6
可萊絲,E.G.T 逆時抗皺活膚保濕緊緻導入精華面膜 (10piece),HK$128.0
雅詩蘭黛,迷你護膚套裝 G (6piece),HK$299.0
可萊絲,N.M.F 高效特強保濕緊緻導入精華面膜 (10piece),HK$69.0
蘭芝,水活細胞再生精華 (40ml),HK$380.0
可萊絲,鮑魚蛋白膠原氨基酸緊緻面膜   (10piece),HK$59.0
Barrier Repair (Mandom Corp),透亮素肌面膜   (10piece),HK$58.0
蘭芝,水庫凝肌補濕乳霜 (50ml),HK$188.0
彼得羅夫,愛爾蘭黑泥淨肌面膜 (150ml),HK$580.0
Kose Cosmeport,BABYISH面膜(白色) (50piece),HK$88.0
歐樹,Huile Prodigieuse®多效滋養乾爽護理油 (100ml),HK$280.0
HABA,SQUA Q10 (30ml),HK$375.0
后,自生秘貼精華套裝 (6件裝)  (6piece),HK$980.0
SNP,99%蝸牛舒緩保濕凝膠   (300g),HK$49.0
KIKUMASAMUNE,菊正宗日本酒高保濕化妝水  (500ml),HK$48.0
科颜氏,亞瑪遜白泥細緻毛孔乳液 (75ml),HK$250.0
Medicox,皇家鱘魚子 全效再生面霜  (15ml),HK$368.0
23 YEARS OLD,蠶絲美白去皺面膜 (5piece),HK$180.0
香奈兒,山茶花保濕眼部微精華露 (15ml),HK$479.0
后,津率享特別套裝 (7piece),HK$1060.0
蘭芝,水活細胞再生眼霜 (20ml),HK$298.0
Barrier Repair (Mandom Corp),三重補濕滑肌面膜(水潤) (5piece),HK$69.9
彼得羅夫,淨肌治療面膜 (142g),HK$440.0
Clarins,抗污染透白防曬霜 SPF50/PA++++ (30ml),HK$323.0
斯佳唯婷,抗皺修護眼霜套裝 (3piece),HK$968.0
蘭芝,水庫凝肌舒緩啫喱 (50ml),HK$188.0
It's Skin,GF精華原液 (30ml),HK$96.0
可萊絲,阿豬媽淨白黑頭粉刺貼 (6g),HK$9.0
A BY BOM,娃娃嬰兒面膜 (10piece),HK$84.0
素貝兒,99%濟州蘆薈舒緩凝膠   (300ml),HK$69.0
確不同,倍護防水防曬噴霧SPF 50 (177ml),HK$98.0
HABA,鯊烯潔面泡沫 (100g),HK$183.0
巴黎歐萊雅,活力緊緻日夜修護套裝  (2piece),HK$249.0
Dr. Jart+,專業抗皺水溶性凝膠面膜  (5piece),HK$165.0
彼得羅夫,青瓜淨肌保濕眼膜 (30pair(s)),HK$380.0
伊麗莎白雅頓,艾地苯全能智慧防禦乳SPF50 PA++++ (40ml),HK$488.0
Barrier Repair (Mandom Corp),淨白美肌面膜  (10piece),HK$58.0
巴黎歐萊雅,水清新葡萄籽保濕乳液  (125ml),HK$139.0
BRAIN COSMOS,日本H2 肌膚去斑霜 (10g),HK$138.0
Medicox,緻尊多效魚子眼部精華 15毫升  (15ml),HK$388.0
雪花秀,麗珉多效煥顏面膜 (5piece),HK$288.0
倩碧,三步驟暢銷回饋組 (7piece),HK$600.0
Fancl,淨肌保濕潔面粉 (2017 秋冬限定版) (50g),HK$130.0
歐緹麗,葡萄籽清新活力爽膚水 (200ml),HK$180.0
肌研,極潤保濕面膜  (12piece),HK$118.0
泉肌,膠原彈性潔面卸妝水 (500ml),HK$98.0
娜芙,防曬水凝乳SPF32 PA+++　[臉部、身體用] (35g),HK$200.0
KIKUMASAMUNE,菊正宗日本酒化妝水  (500ml),HK$48.0
泉肌,透明質酸保濕化妝水 (500ml),HK$98.0
TRANSINO,美白面膜 (4piece),HK$118.0
碧歐泉,溫泉柔膚卸妝乳 (400ml),HK$165.0
植村秀,blanc:chroma火山泥淨白潔顏油 (150ml),HK$259.0
瑞士葆麗美,活氧細胞護理套裝 (89ml),HK$1998.0
蘭芝,水活細胞再生面霜 (50ml),HK$380.0
瑞士葆麗美,星級魚子緊緻護理套裝						 (5piece),HK$2680.0
蘭金,護理套裝C (5piece),HK$249.0
歐舒丹,蠟菊珍貴修護眼霜 (15ml),HK$325.0
SNP,燕窩修護精華液限量套裝 (5piece),HK$298.0
FRESH,紅茶抗皺緊緻面霜 (50ml),HK$780.0
蘭金,全方位抗禦防曬乳 (50ml),HK$440.0
Albion,奇肌修復露  (40ml),HK$960.0
CUREL,深層卸妝啫喱   (130g),HK$120.0
Barrier Repair (Mandom Corp),曼丹 嬰兒肌 極緻骨膠原彈力面膜 (5piece),HK$69.9
佑天娜,Premium Puresa艷肌透明質酸面膜 (4片裝) (4piece),HK$48.0
彼得羅夫,玫瑰細胞修護潔面啫喱 (Hello Kitty 限量版) (250ml),HK$400.0
后,煥然修護精華液 (50ml),HK$968.0
歐樹,植物奶防護特潤乳霜 (50ml),HK$344.0
sasatinnie,玻尿酸保濕泡泡黑面膜 (5piece),HK$108.0
碧歐泉,溫泉爽膚潔膚水 (200ml),HK$117.0
后,拱辰享氣津陰陽套裝 (6piece),HK$745.0
理膚寶水,粉刺淨化雙效精華[+] (40ml),HK$198.0
倩碧,Great Skin Great Deal 護膚套裝 (3piece),HK$222.0
DR.CI-LABO,零毛孔細緻系列旅行套裝 (4piece),HK$100.0
佳麗寶,立體玫瑰潔顏泡沫 (150ml),HK$120.0
泉肌,膠原彈性化妝水 (500ml),HK$98.0
Medicox,奢華活肌24K金箔幹細胞精華  (30ml),HK$389.0
蘭金,全方位瞬白亮肌精華素 (10ml),HK$95.0
科颜氏,深夜奇蹟修復精華露 (50ml),HK$599.0
FRESH,玫瑰保濕水凝眼霜  (15ml),HK$380.0
蘇菲娜,美白活膚全效防曬乳液 SPF50+/PA++++ <清爽型> (32ml),HK$224.0
理膚寶水,抗敏全效舒緩乳 (40ml),HK$179.0
雪花秀,滋晶雪瀅煥白乳液 (125ml),HK$470.0
后,鹿茸面膜 (120ml),HK$310.0
SNP,燕窩修護面霜限量套裝 (5piece),HK$268.0
蘭嘉絲汀,柔嫩爽膚水 (400ml),HK$139.0
蘭芝,水衡致潤補濕液 (120ml),HK$184.0
小林製藥,(麗治)臂粒消無瑕膏 (30g),HK$79.9
雪花秀,基礎護理護膚套裝 (4piece),HK$78.0
蘭金,水份緣舒緩精華液 (試用裝)  (10ml),HK$60.0
娜芙,SPF50+PA++++NOV UV SHIELD EX (30g),HK$250.0
可萊絲,維他命C亮白保濕導入面膜  (10piece),HK$59.0
A.H.C,高效水合透明質酸補濕套裝 (4piece),HK$158.0
森田藥粧,蝸牛彈潤修護原液面膜 (10piece),HK$65.0
巴黎歐萊雅,欧莱雅透明质酸导入全效组合(迪麗熱巴) (4piece),HK$460.0
23 YEARS OLD,洛神花水凝保濕面膜 (55g),HK$128.0
SNP,92%石榴舒緩保濕凝膠   (300g),HK$49.0
瑞士葆麗美,智能活水套裝  (7piece),HK$1228.0
巴黎歐萊雅,活力緊緻 透明質酸  充盈導入霜  (50ml),HK$245.0
小林製藥,麗治斑護消重點祛斑膏 (30g),HK$99.0
瑞士蜜黛詩,瑞士溫泉保濕爽膚水 (400ml),HK$336.0
Kose Cosmeport,Clearturn Q10彈力緊緻美白面膜限定裝 (5+1片裝)  (6piece),HK$44.0
Clarins,蓮花護理油 (30ml),HK$382.5
森田藥粧,玻尿酸複合原液面膜 (10piece),HK$54.0
香奈兒,珍珠光采潔膚乳 (150ml),HK$425.0
可萊絲,盤胎素活膚保濕導入面膜  (10piece),HK$59.0
A.H.C,B5 高效水合凝膠精華禮品套裝 (3piece),HK$198.0
Cremorlab,T.E.N.礦物保濕水分凝膠 (100ml),HK$280.0
植村秀,全能奇蹟金萃潔顏油   (50ml),HK$68.0
DOUBLE & ZERO,膠原蛋白彈力面膜 (附送喚膚滾珠美顏棒) (10piece),HK$108.0
GEKKA,毛孔修復睡眠面膜   (80g),HK$133.0
資生堂,豪華級嘉美艷容露 (150ml),HK$45.0
A BY BOM,超能嬰兒冰凝葉清潤補水面膜 (10piece),HK$90.0
瑞士葆麗美,白金緩紋雅緻護理套裝 (6piece),HK$2450.0
Albion,健康面膜 E (8piece),HK$240.0
資生堂,新艷陽．夏水離子高效防曬露 SPF50+ / PA++++ (50ml),HK$290.0
sasatinnie,熊果素亮白泡泡黑面膜 (5piece),HK$108.0
AJUSTE,Ajuste防UV全身噴霧 SPF 50+ PA++++ (微香)  (200g),HK$78.0
L'AFFAIR,彩虹三部曲面膜 (膠原蛋白)  (10piece),HK$60.0
可萊絲,珍珠蛋白膠原氨基酸亮白面膜 (10piece),HK$59.0
悅詩風吟,濟洲綠茶籽精華套裝 (130ml),HK$138.0
Kose Cosmeport,Clear Turn深層修護緊緻眼膜 (32pair(s)),HK$59.0
雅詩蘭黛,迷你護膚套裝 F (6piece),HK$299.0
素貝兒,B5 保濕鎖水屏障精華 (30ml),HK$148.0
可萊絲,APE乳清蛋白面膜 (10piece),HK$69.0
蘭金,全方位瞬白亮肌套裝A (5piece),HK$299.0
SEVAA,有機亞馬遜白泥毛孔潔淨亮光面膜 (8piece),HK$81.6
Kose Cosmeport,SPF50+ PA++++ UV防曬啫喱  (100ml),HK$69.0
碧柔,碧柔水凝長效保濕防曬乳(玫瑰味) (50ml) (Rose),HK$84.9
森田藥粧,黑珍珠極緻潤白黑面膜  (7piece),HK$48.0
后,天氣丹乳液 (110ml),HK$710.0
后,拱辰享氣津迷你套裝 (3 件裝) (3piece),HK$118.0
REMESCAR,即效魅亮眼霜 (8ml),HK$295.0
蘭芝,抗敏健膚補濕液 (120ml),HK$184.0
莎娜,豆乳濃潤潔面膏   (150g),HK$40.0
CAdA Suissesse,黑海洋魚子晶亮智能即時除皺精華   (30ml),HK$116.0
伊麗莎白雅頓,8小時潤澤霜(無香味)  (50ml),HK$148.0
歐樹,多效滋養乾爽護理油 (50ml),HK$180.0
Kose Cosmeport,光映透維他命C保濕面膜限定裝 (5+1片裝)  (6piece),HK$44.0
Rosette,藥用海泥去痘消炎洗面膏  (120g),HK$32.9
彼得羅夫,青瓜高效補濕肌底液 (100ml),HK$280.0
可萊絲,膠原彈性緊緻保濕導入面膜 (10piece),HK$220.0
歐樹,牡丹睡蓮活膚褪紋套裝 (5piece),HK$528.0
CYBER COLORS,漢方精華逆時水光面膜 (5piece),HK$198.0
碧歐泉,溫泉爽膚卸妝乳 (400ml),HK$165.0
歐緹麗,葡萄籽保濕潔面乳 (200ml),HK$138.0
后,拱辰享潔面泡沫  (180ml),HK$210.0
蘭芝,水潤修護睡眠唇膜 (20g),HK$98.0
Bifesta,Bifesta 日本曼丹 Mandom 碳酸潔面泡沫 ( 保濕 )180g (180g...,HK$39.9
The Body Shop,茶樹急救啫喱棒 (2.5ml),HK$65.0
BB LABORATORIES,緊緻抗皺修護頸霜 (50g),HK$323.0
瑞士葆麗美,星級魚子眼部護理套裝 (5piece),HK$1820.0
蘭金,立體塑顏按摩乳霜組合(試用裝)  (15ml),HK$68.0
植村秀,旅行套裝 (5piece),HK$188.0
瑞士蜜黛詩,緊緻提升眼霜 (15ml),HK$396.0
It's Skin,WH精華原液 (30ml),HK$96.0
Clarins,溫和清潔乳(乾性或中性)  (200ml),HK$204.0
資生堂,高度防曬乳液SPF50+ (100ml),HK$290.0
FRESH,黃糖潤色護唇膏 SPF15 花瓣嫩紅 (4.3g) (Petal),HK$230.0
巴黎歐萊雅,3合1魔法卸妝水 清爽型 400ML (400ml),HK$125.0
蘭金,升級版嫩肌活膚精華眼膜 (4ml),HK$48.0
可萊絲,兔兔熱感舒緩眼罩 (薰衣草香) (10piece),HK$79.0
可萊絲,PEP乳清蛋白面膜 (10piece),HK$69.0
后,天氣丹滋養液 (150ml),HK$580.0
碧柔,女仕黑頭貼  (10piece),HK$21.9
A.H.C,距離面部約20cm，對着臉部繞圈式輕噴，待肌膚吸收即可。 (60ml),HK$48.0
Kose Cosmeport,美白雙效卸妝潔面膏  (190g),HK$38.0
L'AFFAIR,彩虹三部曲面膜 (蘆薈)  (10piece),HK$60.0
SNP,水分保濕四步曲面膜 (10piece),HK$85.0
曼秀雷敦,醫護級特強護唇膏 (薄荷-乾裂嘴唇適用) (8.5g),HK$83.0
SNP,美白能量發酵面膜 (10piece) (BRIGHTENING),HK$99.0
SNP,緊緻能量發酵面膜 (10piece) (Firming),HK$99.0
肌研,極潤特濃保濕化妝水 (170ml),HK$145.0
巴黎歐萊雅,源白新肌精華水  (175ml),HK$139.0
巴黎歐萊雅,活力緊緻透明質酸充盈導入二合一面膜晚霜 (70ml),HK$259.0
森田藥粧,全日極保濕面膜 (8piece),HK$48.0
肌研,極潤潔面泡沫 (160ml),HK$89.0
Clarins,蘭花護理油 (30ml),HK$336.0
SNP,濟州馬油滋潤護膚霜 (70ml),HK$148.0
巴黎歐萊雅,活力緊致積雪草復顏微精華液 (奇蹟水) (130ml),HK$128.0
歐緹麗,葡萄籽雪芭保濕面霜 (40ml),HK$260.0
Medicox,納米雪亮面部美白精華  (30ml),HK$279.0
曼秀雷敦,醫護級特強護唇膏 (無香料-敏感性嘴唇適用) (8.5g),HK$83.0
雅萌,Ya-Man RF射頻再生美顏機 (1piece),HK$2980.0
Bifesta,速效卸妝潔膚紙(保濕型)   (46piece),HK$39.9
倩碧,洗面液 (溫和配方) (試用裝)  (30ml),HK$38.0
肌研,極潤旅行套裝 (3piece),HK$39.2
寵愛之名,乙基限量超值組3+1PC (4 piece) (4piece),HK$335.0
CYBER COLORS,眼部卸妝液 (270ml),HK$128.0
Esthe Dew,藥用美白化妝水   (500ml),HK$60.0
HABA,修護潤唇膏 (2g),HK$190.0
SNP,水果冰淇淋椰子精華補水面膜 (10 片裝) (10piece),HK$75.0
格萊魅,Gift Sexy Treatment Set (4piece),HK$480.0
DOUBLE & ZERO,阿拉斯加冰河水保濕面膜 (附送喚膚滾珠美顏棒) (10piece),HK$59.0
蘭芝,水光亮白補濕液 (100ml),HK$192.0
肌研,海洋女神保濕面膜 (8piece),HK$96.0
Bifesta,Bifesta 日本曼丹  Mandom 碳酸潔面泡沫 (亮白型)180g  (180...,HK$39.9
CUREL,深層保濕套裝   (4piece),HK$130.0
碧柔,碧柔水凝 清爽保濕防曬乳  (90ml),HK$84.9
SPC,馬油胎盤素精華面膜 (50piece),HK$60.0
巴黎歐萊雅,3合1魔法卸妝水 滋潤型 400ML (400ml),HK$125.0
格萊魅,禮品套裝A (3piece),HK$460.0
freeplus,保濕修護面霜 (40g),HK$252.0
Bifesta,Bifesta 日本曼丹 Mandom 碳酸潔面泡沫(清爽型) 180g  (180g...,HK$39.9
瑞士葆麗美,活氧保濕提升原液 (3piece),HK$996.0
freeplus,保濕修護柔潤化妝水 (130ml),HK$213.0
資生堂,Luminizing Infuser (迷你裝) (25ml),HK$49.0
歐樹,植物奶防護滋潤乳霜 (50ml),HK$344.0
HEALTH N NATURE,澳洲Health N Nature羊胎素羊脂膏/綿羊油(玫瑰精華及維他命E)100克 ...,HK$65.0
悅詩風吟,綠茶平衡調理乳 (160ml),HK$88.0
Zoe Laure,紅石榴保濕活氧面膜    (10piece),HK$45.0
Simply,金箔蝸牛賦活水潤面膜  (10piece),HK$88.0
SNP,水果冰淇淋牛油果精華營養面膜 (10 片裝) (10piece),HK$75.0
肌研,白潤美白精華素 (30g),HK$132.3
CAdA Suissesse,三文魚多肽完美煥白修護面膜  (8piece),HK$125.0
可萊絲,P.D.F 高效舒敏淨膚保濕緊緻導入精華面膜 (10piece),HK$69.0
可萊絲,莎莉熱感舒緩眼罩 (柚子香) (10piece),HK$79.0
伊麗莎白雅頓,Eight Hour®  Cream Val Set (3piece),HK$279.0
歐樹,植物奶防護補水精華液 (30ml),HK$368.0
Zoe Laure,基因再生循環修護面膜 (10piece),HK$50.0
MINON,氨基酸保濕化妝水I (滋潤型) (150ml),HK$189.0
Simply,高純度玻尿複合液面膜  (10piece),HK$88.0
SNP,90% 仙人掌水份凝膠  (265g),HK$19.0
DOUBLE & ZERO,透明質酸補水面膜 (附送喚膚滾珠美顏棒) (10piece),HK$59.0
Color Combos,輕透水感定妝噴霧 (50ml),HK$98.0
DOUBLE & ZERO,黑珍珠透亮面膜  (附送喚膚滾珠美顏棒) (10piece),HK$59.0
L'AFFAIR,彩虹三部曲面膜 (維他命)  (10piece),HK$60.0
資生堂,護膚套裝B (4piece),HK$195.0
森田藥粧,無瑕煥白保濕面膜 (8piece),HK$48.0
森田藥粧,複合玻尿酸黑面膜  (7piece),HK$48.0
GREEN TAB,澳洲GreenTab羊胎素膠原蛋白羊脂膏(透明質酸及維他命E)100克 (100g),HK$65.0
LoShi,天然滋潤馬油幼滑乳霜   (220g),HK$29.0
碧歐泉,AQUAPOWER護膚套裝 (附Mandarina Duck化妝袋) (2piece),HK$298.0
迪奥,旅行套裝B (6件裝) (6piece),HK$298.0
肌研,卵肌去角質潔面泡沫 (160ml),HK$89.0
DR.BRANDT,永恆嫩膚精華 (50ml),HK$1350.0
肌研,卵肌去角質潔面乳  (130g),HK$79.0
HABA,鯊烯精華卸妝油 (240ml),HK$500.0
ZA,SPF50+PA++++新煥真皙美白防水防曬乳  (50ml),HK$115.0
Zoe Laure,珍稀墨藻賦活面膜  (10piece),HK$52.4
森田藥粧,瞬效極緻保濕精華面膜 (8piece),HK$48.0
肌研,極潤泡沫潔面乳  (50g),HK$30.0
SNP,保濕發酵面膜 (10piece),HK$55.0
MINON,氨基酸滋潤保濕角質潤潔酵素潔面粉 (35g),HK$120.0
蘭芝,細緻毛孔深層潔淨泡沫 (150ml),HK$102.0
A BY BOM,超能嬰兒金盞花睡眠面膜 (5piece),HK$58.0
BCL,Saborino 早安懶人面膜 (清爽型) (32piece),HK$99.0
信美肌,光彩耀眼 7 週年組合 (7piece),HK$560.0
DUPLAIR,Duplair 潔面啫哩 (200ml),HK$70.0
肌研,卵肌去角質潔面乳及極潤清爽保濕化妝水套裝 (2piece),HK$169.0
莎娜,豆乳美肌超濃潤保濕爽膚水 2015 (200ml),HK$70.0
freeplus,保濕修護清爽化妝水 (130ml),HK$213.0
sasatinnie,黑珍珠魚子滋養黑面膜 (升級版) (6piece),HK$98.0
科颜氏,護唇膏(梨味)  (15ml) (#1),HK$80.0
Clarins,ClarinsMen極效保濕霜 (50ml),HK$323.0
SK-II,全新護膚精華油  (50ml),HK$756.0
SNP,水果冰淇淋西柚精華潤白面膜 (10 片裝) (10piece),HK$75.0
瑞士蜜黛詩,緊緻舒緩眼部凝膠 (15ml),HK$396.0
巴黎歐萊雅,活力緊緻透明質酸充盈導入凝露精華水,HK$249.0
HANAJIRUSHI,水漾潤透補水面膜(免洗型) (220g),HK$126.0
SPA TREATMENT,日本SPA Treatment 幹細胞保濕面霜 (30g),HK$390.0
SNP,黑豆水分四步曲面膜 (10piece),HK$85.0
Kose Cosmeport,SPF50+PA++++高效防水防曬水感凝膠 (100g),HK$79.0
曼秀雷敦,水薄美白防曬露 SPF50+ PA++ (80g),HK$76.9
碧柔,卸妝潔面乳   (120ml),HK$32.9
MINON,氨基酸保濕化妝水 II (滋潤型) (150ml),HK$150.0
碧柔,碧柔 深層卸妝油  (150ml),HK$69.9
DR.BSC,全合一多功能電動淨膚儀 (1piece),HK$237.6
Missha,Missha x Line Friends 創研極緻修護活肌水 (Brown) (13...,HK$135.0
曼秀雷敦,樂膚潔抗菌痘痘貼   (36piece),HK$39.6
瑞士葆麗美,尊貴魚子緊緻眼部精華 (15ml),HK$1280.0
寵愛之名,三分子玻尿酸藍銅保濕生物纖維面膜 (3piece),HK$335.0
歐樹,花妍百合煥白保濕眼霜 (15ml),HK$216.0
MISKIN,Diaforce 二代貴婦黃金鑽石眼膜 (60piece),HK$85.0
理膚寶水,控油爽膚水 (200ml),HK$158.0
巴黎歐萊雅,水清新 3合1 智慧冰感保濕凝露  (110ml),HK$139.0
森田藥粧,極致保濕原液面膜  (8piece),HK$48.0
Cosmetex Roland,馬油滋潤保濕面膜 (7piece),HK$32.0
It's Skin,花妍細胞鎖水活肌套裝 (330ml),HK$625.0
Akiku,美白保濕提拉緊緻摩洛哥玫瑰 (3% 稀释于可可巴) 單方精油  (10ml),HK$425.0
明色,天然玫瑰精華化妝水 (200ml),HK$68.0
香蕉船,香蕉船日常清爽型防曬噴霧 SPF50 (170g),HK$124.9
L'AFFAIR,彩虹三部曲面膜 (茶樹)  (10piece),HK$60.0
SNP,水果冰淇淋木梨精華敏感舒緩面膜 (10 片裝) (10piece),HK$75.0
理膚寶水,全效兒童防曬噴霧SPF50+ PA++++ (200ml),HK$269.0
DHC,DHC抗痘修護清爽乳液 (40ml),HK$79.0
L'AFFAIR,蜜光蜂蜜面膜加送贈品 (1box),HK$79.0
Medicox,納米雪亮   眼部緊緻美白精華  (15ml),HK$279.0
瑞士葆麗美,尊貴魚子緊緻精華 (30ml),HK$1680.0
SNP,水分明亮四步曲面膜 (10piece),HK$85.0
DUPLAIR,雙重美肌超保濕化妝水 (500ml),HK$60.0
莎娜,豆乳美肌潔面泡沫 (200ml),HK$58.0
CAdA Suissesse,三文魚多肽完美煥白修護眼膜  (8piece),HK$119.0
BB LABORATORIES,重點補濕抗皺眼膜 (60piece),HK$333.0
KIKUMASAMUNE,菊正宗日本酒面膜(高保濕)  (7piece),HK$30.0
Esthe Dew,櫻桃保濕化妝水  (500ml),HK$60.0
Zoe Laure,基因再生循環擊斑修護面膜 (10piece),HK$50.0
肌研,極潤泡沫潔面乳  (100g),HK$79.0
Color Combos,清爽眼唇專用卸妝紙 (30piece),HK$35.0
碧柔,毛孔清潔鼻貼  (10piece),HK$22.9
肌研,卵肌去角質抗痘潔面乳 (130g),HK$79.0
AJUSTE,防曬噴霧 SPF50+ PA++++ (200g),HK$78.0
森田藥粧,膠原蛋白複合保濕精華液面膜 (8piece),HK$48.0
曼秀雷敦,Super Block防曬噴霧 SPF130/PA++++ (165ml),HK$139.9
伊麗莎白雅頓,無瑕未來活顏晚霜 (50ml),HK$495.0
SUM37,驚喜水分睡眠面膜 (150ml),HK$643.0
素貝兒,毛孔呼吸泡泡黑面膜 (10piece),HK$88.0
森田藥粧,高保濕菁華露面膜 (8piece),HK$48.0
肌研,肌研極潤x白潤面膜優惠裝  (8piece),HK$89.0
香蕉船,香蕉船超防禦日常防曬噴霧SPF110 (170g),HK$135.9
FRESH,黃糖潤色護唇膏 SPF15 #鬱金香粉紅 (4.3g) (#Tulip),HK$200.0
Clarins,舒緩爽膚露 (200ml),HK$204.0
de herbs,木瓜蛋白酶美白焕膚面膜  (10piece),HK$47.4
Color Combos,清爽全效卸妝潔膚紙 (70piece),HK$56.0
曼秀雷敦,超保濕水感防曬噴霧 SPF50+ PA++++ (150ml),HK$101.9
蘭芝,抗氧亮肌鮮莓磨砂面膜 (70ml),HK$110.0
蘭芝,水凝潔膚泡沫 (180ml),HK$110.0
KRACIE,保濕精華面膜 (4piece),HK$49.3
Missha,迷你兵團潔面泡沫(櫻花) (120ml),HK$45.0
彼得羅夫,水漾透明質酸保濕眼膜 (30pair(s)),HK$480.0
日邦,軟激光梳發毛激活器1把  (1piece),HK$1988.0
BCL,Saborino早安面膜 (32piece),HK$99.0
Alovivi,薏仁健康美容水 (500ml),HK$38.0
Kose Cosmeport,BABYISH高效保濕面膜5片裝 (5piece),HK$49.0
SexyLook,速效草莓粉刺淨空組 (1box),HK$55.0
LULULUN,保濕鎖水面膜（保濕粉） (7piece),HK$26.0
It's Skin,紅蔘蝸牛全效修護精華液套裝 (3piece),HK$396.0
CAdA Suissesse,黑海洋鑽黑智能定位即時除皺精華 (30ml),HK$85.0
蘭嘉絲汀,潔面爽膚液 (400ml),HK$149.0
后,鹿茸元氣面膜 (120ml),HK$299.0
BB LABORATORIES,胎盤素專業修復水潤面膜 (175g),HK$277.0
Dr. Jart+,抗敏再生修護面霜 (50ml),HK$372.0
伊麗莎白雅頓,無瑕未來眼部凝膠 (15ml),HK$351.0
妮維雅,潤膚膏 (150ml),HK$33.9
Simply,玻尿酸分子釘潤澤保濕面膜 (8piece),HK$98.0
SUM37,呼吸水份乳霜套裝 (9piece),HK$880.0
素貝兒,淨痘控油爽膚水 (300ml),HK$48.0
肌っ子,膠原活膚緊緻精華霜 (44g),HK$440.0
DR.BRANDT,毛孔緊緻護理霜 (50g),HK$230.0
中華藥膜,人參三七抗皺潤白面膜 5PC (5piece),HK$35.0
TALIA,礦物清潔面膜 (100ml),HK$188.0
DR.BRANDT,免注射面部緊緻液 (15ml),HK$820.0
后,水沄平衡乳 (110ml),HK$425.0
中華藥膜,中華藥膜冬蟲夏草睡眠面膜 5片 (5piece),HK$35.0
倩碧,溫和泡沫潔膚液 (試用裝) (30ml),HK$28.0
肌研,極潤特濃保濕乳液 (90ml),HK$145.0
Medicox,珍緻活肌塑顏再生面膜 (升級版) (5piece),HK$150.0
素貝兒,B5 保濕鎖水屏障面膜 (5piece),HK$88.0
CUREL,潤浸保濕眼部精華 (20g),HK$220.0
MISKIN,紅參黃金絲逆齡眼膜 (60piece),HK$95.0
Beauty Buffet Scentio,Q10牛奶淨白洗面乳 (100ml),HK$29.0
瑞士葆麗美,活氧細胞眼部護理套裝 (4piece),HK$1288.0
Secret Key,多功能酵母精華神仙水 (155ml),HK$120.0
sasatinnie,櫻花香味水印面油紙 (100piece),HK$24.0
Barrier Repair (Mandom Corp),玫瑰果油亮肌保濕面膜 4PC (4piece),HK$69.9
SexyLook,全效水潤黑頸顏面膜  (5piece),HK$75.0
后,拱辰享雪透亮淨肌水 (150ml),HK$398.0
泉肌,溫泉水暖膚潔面凝膠 (150g),HK$88.0
歐樹,植物奶防護滋潤控油乳液 (50ml),HK$332.0
森田藥粧,新一代隱形面膜-高純度玻尿酸面膜  (8piece),HK$48.0
巴黎歐萊雅,海鹽豐盈泡沫潔面乳-法國玫瑰精粹滋潤型 (125ml),HK$49.0
sasatinnie,燕窩山茶花活力黑面膜 (升級版) (6piece),HK$98.0
彼得羅夫,水漾透明質酸精華素 (30ml),HK$600.0
肌っ子,柔美肌 5Nos 全方位面部及身體防曬噴霧 SPF50+ PA++++ (150ml),HK$198.0
肌っ子,膠原活膚滋潤化妝水 (150ml),HK$296.0
莎娜,豆乳美膚乳液 (300ml),HK$70.0
泉肌,潤白透肌去角質化妝水 (200ml),HK$108.0
Albion,爽膚精萃液面膜 (12ml),HK$32.0
THE OOZOO,銀河爆水面膜 [補濕] (5piece),HK$128.0
G&M,綿羊油保濕晚霜 (250g),HK$49.0
素貝兒,黑炭去黑頭鼻貼 (4piece),HK$39.0
倩碧,男士洗面液 (控油配方) (200ml),HK$171.0
Leaders Clinic,氨基酸潔淨透亮面膜 (10 片裝) (10piece),HK$65.0
歐樹,魅力凝肌專業抗皺乳液 (50ml),HK$500.0
瑞士葆麗美,速效緩紋提升面膜 (100ml),HK$1536.0
SexyLook,速效草莓粉刺淨空組 (1box),HK$55.0
SNP,黃金膠原軟膜 (237g),HK$180.0
瑞士葆麗美,白金緩紋精品護理套裝 (5piece),HK$2450.0
Leaders Clinic,抗粉塵淨顏呵護面膜 (10piece),HK$99.0
雅詩蘭黛,迷你護膚套裝D  (5piece),HK$250.0
瑞士葆麗美,智能活水保濕護理套裝 (附隨身袋) (5piece),HK$1299.0
肌っ子,潤白亮肌面霜 (50g),HK$366.0
CUREL,Curel 緊緻抗皺滋潤面霜 (40g),HK$238.0
Heroine Make (Kiss Me),速效除防水睫毛液  6.6ML (6.6ml),HK$59.0
嬌蘭,有色潤唇膏 #R329 Crazy Bouquet  (2.8g) (#R329 Cr...,HK$240.0
肌研,肌研極潤淨透卸妝油   (200ml),HK$90.3
Bifesta,BIFESTA 速效卸妝潔膚水 (保濕型)  (300ml),HK$59.9
Rosette,冰河泥淨肌控油潔面膏 (120ml),HK$32.9
DUPLAIR,雙重美肌美白化妝水 (500ml),HK$68.0
瑞士蜜黛詩,青春活膚雙效精華油 (50ml),HK$398.0
VENUS LAB,溫感瘦臉卸妝霜 (200g),HK$115.0
后,拱辰享雪玉凝泡沫潔面膏 (180ml),HK$298.0
素貝兒,蘆薈抗水防曬棒 SPF50+ PA++++ (11g),HK$84.0
玉蘭油,滋润乳霜  (100g),HK$53.0
彼得羅夫,水漾透明質酸面霜 (48ml),HK$500.0
肌研,卵肌去角質控油潔面乳  (130g),HK$79.0
Barrier Repair (Mandom Corp),椰子油嫩肌保濕面膜 4PC (4piece),HK$69.9
LULULUN,彈力滋潤面膜(滋潤藍)  (7piece),HK$35.0
素貝兒,水感導入精華 (10piece),HK$188.0
Dr. Jart+,V7維他命透白卸妝潔面膏 (100ml),HK$292.0
APIVITA,綠瓷土深層潔膚面膜 (2piece) (GREEN CLAY),HK$29.0
Cow,牛乳滋潤香皂 (薔薇花香) 100G X 3PCS (3piece),HK$19.9
夢妝,夢妝花源滋養精華肌底液 (100ml),HK$188.0
Gangbly,江南寶貝 維他命C黃金補水眼膜 (1box),HK$96.0
瑞斯美,燈塔水母再生精華黑鑽系列 清透緊致黑鑽面膜 (6piece),HK$380.0
KOUJI HIME,日本酒米糠去角質透白面膜 (150g),HK$85.0
肌っ子,膠原活膚潔面泡沫 (130g),HK$296.0
DR.BRANDT,緊緻亮肌眼部精華 (15ml),HK$500.0
彼得羅夫,青瓜啫喱面膜套裝 (3piece),HK$480.0
蘭芝,抗氧亮肌活膚水 (150ml),HK$248.0
果達兒,鎖水保濕面霜套裝 (2piece),HK$238.0
素貝兒,蘆薈三重防禦防曬噴霧 SPF50+ PA+++ (50ml),HK$50.0
Jurlique,玫瑰柔膚體驗套裝 (3piece),HK$138.0
瑞斯美,玫瑰精粹緊緻抗皺面膜 (6piece),HK$380.0
Missha,Missha x Line Friends 全效溫和防曬霜 SPF 30/PA+++ ...,HK$85.0
HANAJIRUSHI,水漾潔淨洗面乳 (150g),HK$39.3
NATURAL PACIFIC,金屬保濕面膜（黑色） (10piece),HK$85.0
Jurlique,玫瑰套装 (2piece),HK$250.0
莎娜,豆乳美肌濃潤保濕凝膠面膜 (5piece),HK$69.0
CUREL,潤浸保濕護唇膏 (4.2g),HK$75.0
小林製藥,麗治斑護消祛保濕化妝水(滋潤) (160ml),HK$79.0
碧柔,碧柔 深層潔淨卸妝水 暗瘡護理型 300ML (300ml),HK$59.9
巴黎歐萊雅,水清新葡萄籽面膜精華水 (130ml),HK$129.0
香蕉船,香蕉船運動型曬後冰極啫喱 (226g),HK$72.9
瑞士蜜黛詩,瑞士溫泉潔面乳 (400ml),HK$336.0
DR.ORACLE,水油平衡精華乳液 (110ml),HK$272.0
NATURAL PACIFIC,金屬美白面膜（白色） (10piece),HK$85.0
SNP,猛男OPPA面膜(No.01 鎮靜) (10 片裝) (10piece),HK$95.0
高絲,藥用雪肌精化妝水及乳液旅行護膚套裝 (4piece),HK$768.0
森田藥粧,激光潤白賦活黑眼膜 (10pair(s)),HK$48.0
巴黎歐萊雅,充盈導入爽膚水 (130ml),HK$175.0
sasatinnie,黑珍珠魚子滋養黑眼膜 (升級版) (6piece),HK$78.0
塔莉卡,致臻精粹眼霜 (20ml),HK$496.0
sasatinnie,按摩潔面泡泡凝膠 (250ml),HK$138.0
肌っ子,柔美肌5Nos柔肌保濕精華 (30ml),HK$450.0
肌っ子,潤白亮肌精華 (25ml),HK$450.0
Kose Cosmeport,煥白黑美白面膜 (8piece),HK$25.0
Akiku,舒缓暗瘡澳洲茶樹單方精油  (10ml),HK$235.0
Missha,迷你兵團潔面泡沫(鳶尾花) (120ml),HK$25.0
MIRA,MIRA®LED紅光美膚加速面具儀  (1piece),HK$2850.0
Dr.G,水凝舒緩保濕化妝水  (170ml),HK$220.0
EAUDE MUGE,淨膚水 (160ml),HK$99.0
Dr.G,水凝保濕乳液  (120ml),HK$288.0
MISKIN,貴婦綠晶螺旋藻眼膜 (60piece),HK$95.0
Cremorlab,T.E.N.礦物清爽潔面慕絲 (145ml),HK$140.0
It's Skin,婚紗粉嫩煥白霜 (100ml),HK$72.0
DR.BRANDT,毛孔緊緻潔膚乳 (105ml),HK$160.0
LULULUN,清爽透亮面膜(透亮白) (7piece),HK$35.0
Leaders Clinic,氨基酸緊緻毛孔面膜  (10piece),HK$65.0
巴黎歐萊雅,水清新葡萄籽SPA柔膚水 (130ml),HK$109.0
泉肌,馬油液狀 (薰衣草) (33ml),HK$198.0
Akiku,保濕滋潤抗敏感茉莉(3% 稀释于可可巴)單方精油   (10ml),HK$395.0
伊歐詩,純天然有機熱情果護唇膏 (7g),HK$39.0
T.P.O,LINE FRIENDS面膜 (莎莉 - 舒緩鎮靜) (10 片) (10piece),HK$140.0
LULULUN,保濕鎖水面膜（保濕粉） (36piece),HK$128.0
巴黎歐萊雅,L'EXTRAORDINAIRE 濃密豐盈睫眉精華液 (1.6ml),HK$89.0
HABA,鯊烯水淨卸妝液 (240ml),HK$178.0
COSTRO,鮑魚膠原蛋白晶鑽活眼霜 (50g),HK$396.0
Ocimple,雙效彩光美顏器 (1piece),HK$2318.0
SexyLook,黃金玻尿酸極潤膠原面膜 (3piece),HK$67.2
巴黎歐萊雅,充盈導入精華 (15ml),HK$249.0
娥羅納英,娥羅納英H軟膏 (30g),HK$35.9
雅漾,粉刺去痘淨肌乳 (40ml),HK$148.0
HANAJIRUSHI,清新淨膚卸妝水 (滋養型) (180ml),HK$49.0
Cosmetex Roland,"樂絲, 極上馬油保濕修護潤唇膏 (5g)",HK$38.0
Dr. Jart+,V7 維生素浴光防曬滋潤霜SPF 50+/ PA+++套裝 (2piece),HK$236.0
伊麗莎白雅頓,8小時輕感平衡油 (100ml),HK$234.0
彼得羅夫,植物角鯊烯精華液套裝 (3piece),HK$420.0
肌っ子,原美肌膠原活膚緊緻 3D 面及頸膜 (5piece),HK$480.0
森田藥粧,天然絲瓜水保濕噴霧 (60ml),HK$19.0
T.P.O,LINE FRIENDS面膜 (熊大 - 活膚抗皺) (10 片) (10piece),HK$50.0
sasatinnie,完美趕走黑頭3部曲 (5piece),HK$108.0
歐樹,豐亮極緻抗皺緊緻眼唇霜 (15ml),HK$412.0
Maybelline,眼唇二合一卸妝液 (150ml),HK$95.0
巴黎歐萊雅,青春密碼 酵素 眼部精華液 (20ml),HK$245.0
Suwon,Revive 超聲波煥膚導入器 (1個) (1piece),HK$1490.0
黛珂,VITA DE REVE化妝水 (150ml),HK$299.0
后,拱辰享水凝保濕乳液 (110ml),HK$469.0
巴黎歐萊雅,葡萄籽眼膜級眼部水凝霜 (15ml),HK$139.0
洛之泉,多元奇蹟再生修護霜 (50ml),HK$280.0
DR.BRANDT,毛孔緊緻護理面膜 (30g),HK$200.0
SNP,SPF 50+ PA+++ 水潤清涼防曬噴霧  (150ml),HK$128.0
素貝兒,蜂蜜滋潤納米面膜       (10piece),HK$118.0
It's Skin,晶鑽蝸牛蜂膠活膚面霜 (60ml),HK$628.0
瑞斯美,玫瑰精粹水感保濕面膜 (6piece),HK$380.0
森田藥粧,完美淨白原液面膜 (8piece),HK$48.0
瑞士蜜黛詩,溫泉注氧睡眠眼膜 (15ml),HK$396.0
小蜜蜂,Burt’s潤唇DUO：蜂蜜．蜜蠟 (2piece),HK$70.4
Kose Cosmeport,魅力凝粉逆齡面膜 Mask (8piece),HK$25.0
ISOI,步步驚心:麗 保加利亞玫瑰修護面膜 (5piece),HK$198.0
DR.ORACLE,水油平衡爽膚水 (130ml),HK$248.0
PAPA RECIPE,(4週年限量版)春雨小蜜罐面膜 (7piece),HK$69.0
泉肌,多效水凝修護霜 (100g),HK$148.0
23 YEARS OLD,15秒魔幻潔面乳 (100g),HK$95.0
肌研,極水礦物化妝水 (2piece),HK$112.0
泉肌,純淨馬油液狀 100% (33ml),HK$198.0
Cosmetex Roland,抹茶保濕卸妝水 (400ml),HK$84.0
Dr. Jart+,新生防曬乳套裝 (2piece),HK$264.0
森田藥粧,全嫩白菁華露面膜  (8piece),HK$48.0
蘭芝,水光亮白細膚水 (120ml),HK$176.0
Kobps,手提超聲波機  (1piece),HK$380.0
Cremorlab,T.E.N.礦物鎮靜保濕噴霧   (50ml),HK$60.0
瑞士蜜黛詩,皇牌面膜四重護理套裝 (4piece),HK$798.0
泉肌,馬油溫和柔潤護膚霜 (100g),HK$118.0
CUREL,美白套裝 (4piece),HK$180.0
THE OOZOO,極光提亮面膜 [光澤] (5piece),HK$128.0
露得清,水活保濕膠囊特潤精華 30毫升 (30ml),HK$142.4
sasatinnie,燕麥眼部及唇部卸妝液 (100ml),HK$45.0
小林製藥,麗治斑護消祛保濕化妝水(清爽) (160ml),HK$63.2
DR.ORACLE,補水凝膠霜 (50ml),HK$272.0
It's Skin,晶鑽蝸牛全效修護限量套裝 (4piece),HK$348.0
SKIN79,保濕滋潤潔面爽膚水 (500ml),HK$98.0
BB LABORATORIES,EM美肌粒子  (30capsule(s)),HK$333.0
克麗貝蒂,美少女戰士新月棒潤唇膏  (2.8g) (Rose Pink),HK$78.0
施巴,水份面霜 (敏感肌膚適用)  (75ml),HK$118.8
彼得羅夫,水漾透明質酸精華素套裝 (3piece),HK$600.0
泉肌,超潤水保濕化妝水 (170ml),HK$138.0
LOVE BOO,奢華媽媽水療套裝 (3piece),HK$619.9
THE OOZOO,傲卓活力膠囊面膜(亮彩) (5piece),HK$188.0
肌研,極潤保濕水分露  (50g),HK$103.6
LoShi,樂絲國產馬油目元眼霜 (20g),HK$62.0
泉肌,超潤水保濕面霜 (50g),HK$148.0
Kose Cosmeport,Clear Turn美白面膜(櫻花) (5piece),HK$44.0
洛之泉,奇蹟再生潔膚泡沫 (150ml),HK$148.0
肌っ子,膠原活膚緊緻眼霜 (20g),HK$380.0
娜芙,AC ACTIVE 毛孔緊緻乳液 (50ml),HK$298.0
蔻莉絲塔,尊貴柔滑保濕乳液及活膚磨砂膏套裝 (附贈化妝袋) (2piece),HK$350.0
曼秀雷敦,亮彩潤唇筆 (3g) (Moody Pink 02),HK$69.9
sasatinnie,粉漾潤色護唇膏 (4.2g) (03 JUICY CORAL),HK$48.0
COSTRO,鮑魚膠原蛋白美白去皺精華 (50ml),HK$356.0
小蜜蜂,Burt’s潤唇DUO：葡萄柚．蜜蠟 (2piece),HK$70.4
理膚寶水,多容安濕潤面霜-清爽型 (40ml),HK$188.0
碧歐泉,溫泉水潤保濕凝膠旅行套裝 (3piece),HK$105.0
素貝兒,蘆薈透明質酸果凍面膜 (5piece),HK$69.0
Bifesta,BIFESTA 速效卸妝潔膚水 (清爽型)  (300ml),HK$59.9
sasatinnie,粉紅晶鑽煥采生物纖維面膜 (5piece),HK$168.0
Kose Cosmeport,高絲美肌職人日本清酒保濕面膜(7枚入) (7piece),HK$35.0
CUREL,Curel 緊緻抗皺水凝乳霜 (40g),HK$238.0
近江兄弟,藥用保濕潤唇膏(敏感唇) (4g),HK$25.0
素貝兒,抗藍光水份面霜 (50capsule(s)),HK$148.0
小蜜蜂,天然淡彩潤唇膏  #酒紅色 (4.25g) (Red Dahlia),HK$79.0
巴黎歐萊雅,水清新淨白海水仙 (80ml),HK$155.0
泉肌,超潤水保濕乳液 (140ml),HK$138.0
歐樹,植物奶防護補水急救面膜 (50ml),HK$296.0
巴黎歐萊雅,水清新 3合1 智慧保濕精華水 (130ml),HK$139.0
MISKIN,Gold Dia Green破壁紅參緊緻眼霜 (30ml),HK$73.0
碧柔,碧柔 溫和水嫩洗面膏 100G (100g),HK$36.9
Kose Cosmeport,高絲美肌職人薏仁滋潤面膜 (7枚入) (7piece),HK$35.0
Kose Cosmeport,Princess Veil 早安黃懶人面膜 (8piece),HK$25.0
素貝兒,水潤保濕針劑微導面膜 (5piece),HK$68.0
魔法森林,2X肌底精華漾液 (200ml),HK$199.0
SPRINGFIELDS,青春煥發爽膚水 (135ml),HK$128.0
Gangbly,江南寶貝金裝馬油面霜  (70g),HK$99.0
森田藥粧,保濕水漾透潤面膜 (8piece),HK$48.0
日本貝印,洗面起泡網  (1piece),HK$23.0
Palmer's 帕瑪氏,超白去斑乳霜 (75g),HK$198.0
中華藥膜,中華藥膜冬蟲夏草睡眠面膜 (20g),HK$7.5
Dr. Jart+,全效提亮調色防曬霜套裝 (2piece),HK$236.0
Kumano,馬油雙倍清潔洗面奶 (130g),HK$29.0
克麗貝蒂,美少女戰士新月棒潤唇膏  (2.8g) (Peach),HK$78.0
3M - Nexcare,贈品: 抗痘美白洗面乳 (100g),HK$29.0
歐樹,蜂蜜夢幻唇部及手部柔護限量套裝 (2piece),HK$96.0
COWSHED,沐浴露&潤體乳 旅行套裝  (5piece),HK$406.1
瑞士葆麗美,活氧細胞面膜 (100ml),HK$1392.0
瑞士蜜黛詩,青春活膚深層保濕面膜 (6piece),HK$298.0
蔻莉絲塔,黑珍珠黑蘭花亮肌面霜 (50ml),HK$372.0
Color Combos,專業高效全能卸妝液 (250ml),HK$78.0
THE OOZOO,傲卓活力膠囊面膜(修復) (5piece),HK$188.0
肌研,極水控油亮白礦物化妝水 (2piece),HK$112.0
CYBER COLORS,抗微塵保濕修護面膜 (5piece),HK$158.0
Bifesta,BIFESTA 速效卸妝潔膚水 (亮白型) (300ml),HK$59.9
巴黎歐萊雅,"""水清新淨白海水仙 (130ml)",HK$139.0
森田藥粧,彈力青春露水嫩面膜 (8piece),HK$48.0
LoShi,樂絲馬油薏仁保濕化妝水 (500ml),HK$46.0
BRTC,V10 全效亮白去角質潔膚棉 (80piece),HK$268.0
T.P.O,LINE FRIENDS面膜 (兔兔 - 光澤亮白) (10 片) (10piece),HK$140.0
KISS MY FACE,高效抗氧化防曬面霜SPF50 (59ml),HK$118.0
sasatinnie,粉漾潤色護唇膏 (4.2g) (02 ADDICE ROSE),HK$48.0
雅漾,高效鎖水保濕精華 (30ml),HK$180.0
GIVE&GIVE,AQUA LA 玫瑰全效美容液  (80ml),HK$166.0
B.Kettner,VisoRenew 微晶鑽更新皮膚儀(附送深層修護乳霜30ml) (1piece),HK$1600.0
GIVE&GIVE,全效美容皂 (90g),HK$93.0
瑞士葆麗美,星級活氧細胞護理套裝(附化妝袋) (6piece),HK$1028.0
曼秀雷敦,亮彩潤唇筆 (3g) (Innocent Pink 03),HK$69.9
曼秀雷敦,亮彩潤唇筆 (3g) (Diva Red 01),HK$69.9
法國 珍碧嘉,亮肌緊緻精華素 (30ml),HK$400.0
泉肌,馬油潤唇膏   (1piece),HK$68.0
娜芙,娜芙青春潔面乳 (70g),HK$89.0
BB LABORATORIES,藥用保濕抗敏化妝水 (155ml),HK$211.0
克麗貝蒂,美少女戰士新月棒潤唇膏 (2.8g) (Strawberry Pink),HK$78.0
Mediheal Rex,高效保濕精華膠囊生物纖維面膜 (5piece),HK$99.0
23 YEARS OLD,黑炭面膜潔面棒 (45g),HK$128.0
娜芙,AC-ACTIVE毛孔抗痘乳霜(局部用) [局部用乳霜] (10g),HK$250.0
肌っ子,柔美肌5NOS柔肌修護滋潤面霜 (50g),HK$380.0
莎娜,豆乳美肌特濃高保濕凝膠 (100g),HK$89.0
Glamfox,再見大臉餅緊緻面膜  (5piece),HK$118.0
碧柔,碧柔深層潔淨控油洗面泡沫 160ML (160ml),HK$49.9
sasatinnie,茶樹控油面膜 (220ml),HK$79.0
Cosmetex Roland,紫草肥皂 (100g),HK$168.0
瑞士葆麗美,活氧細胞水凝晚霜 (升級版)  (30ml),HK$896.0
中華藥膜,中華藥膜靈芝蜂膠面膜 (20g),HK$7.5
碧柔,碧柔 長效滋潤洗面膏 100G (100g),HK$36.9
素貝兒,燕窩深層保濕緊貼水凝面膜  (5piece),HK$108.0
瑞士蜜黛詩,雪絨花滋潤面霜 (50ml),HK$460.0
ISOI,敏感肌爽膚水 (130ml),HK$268.0
Kose Cosmeport,水凝粉保濕面膜 (8piece),HK$25.0
1028 VISUAL THERAPY,1028 pH7.5深層清潔眼唇卸妝液85ML(加量/圓瓶) (85ml),HK$60.0
素貝兒,亞馬遜白泥毛孔潔淨面膜  (100ml),HK$128.0
LoShi,樂絲蘆薈天然草本紫根滋潤保濕乳霜 (220g),HK$35.0
泉肌,高效鎖水面膜 (升級版) (4piece),HK$98.0
Color Combos,玫瑰卸妝油 (200ml),HK$128.0
J.One,RE:CIPE J.ONE果凍水光面膜 1 片 (1piece),HK$29.0
Kose Cosmeport,高絲美肌職人黑珍珠亮澤彈力面膜(7枚入) (7piece),HK$35.0
LoShi,樂絲國產馬油豆乳保濕護唇膏 (10g),HK$38.0
EASYDEW,絲氨酸雙效保濕精華露 (40ml),HK$241.0
小蜜蜂,薄荷皇牌潤唇膏 (4.25g),HK$41.5
SNP,日常高效舒緩保濕噴霧 (120ml),HK$128.0
Dove,潤澤水嫩洗面乳 (130g),HK$36.9
迪賽 The Saem,帝王花鎖水保濕精華 (55ml),HK$243.0
HABA,鯊烯水淨卸妝液 (120ml),HK$86.0
sasatinnie,奇跡幻白美肌霜 (50g),HK$68.0
魔法森林,綠茶水潤潤膚水 (180ml),HK$128.0
EAUDE MUGE,輕爽潔面泡 (150ml),HK$99.0
素貝兒,透明質酸保濕精華 (30ml),HK$138.0
sasatinnie,水嫩保濕眼唇卸妝液 (250ml),HK$88.0
法國 珍碧嘉,激活全效緊緻精華素 (30ml),HK$640.0
J.One,RE:CIPE J.ONE果凍維他命面膜 1片 (1piece),HK$29.0
碧柔,碧柔 暗瘡護理洗面膏 100G (100g),HK$36.9
倩碧,護膚套裝C (附化妝袋) (7piece),HK$199.0
瑞士葆麗美,活氧細胞生機爽膚水 (升級版) (200ml),HK$496.0
Missha,The Style唇/眼部卸妝液 (100ml),HK$39.0
DR.ORACLE,碧保濕面霜 (50ml),HK$78.0
CROP,有機天然保濕日霜 (125ml),HK$88.0
果達兒,鎖水保濕鮮活水凝霜 (50ml),HK$238.0
克麗貝蒂,美少女戰士木星唇膏 (愛野美奈子) (1.7g),HK$78.0
CROP,有機天然溫和潔面凝膠 (125ml),HK$88.0
Erno Laszlo,平衡潔膚油 (200ml),HK$298.0
素貝兒,喚膚魔法棒 (5X1.5ml),HK$52.0
ISOI,敏感肌精華乳 (90ml),HK$298.0
ISOI,步步驚心:麗 24小時潤滑保濕面膜 (5piece),HK$198.0
Dove,深層淨化洗面乳 (130g),HK$36.9
LoShi,樂絲馬油保濕潔面膏 (130g),HK$38.0
GIVE&GIVE,AQUA LA PURE全效美容液 (80ml),HK$166.0
ISOI,敏感肌深層潔面泡沫 (100ml),HK$268.0
歐緹麗,葡萄籽尊貴時光逆轉眼霜 (15ml),HK$280.0
瑞士蜜黛詩,溫泉美白系列套裝 (3piece),HK$698.0
Mistine,草莓變色潤唇膏 (1.7g),HK$13.0
洛之泉,活膚光采緊緻面霜 (50ml),HK$436.0
LULULUN,彈力滋潤面膜(滋潤藍)  (32piece),HK$128.0
Glamfox,柚子冰涼雪葩霜 (100g),HK$95.0
NATURE'S,紅酒抗氧潔面乳 (150ml),HK$430.0
素貝兒,草本精華活膚面膜 (100ml),HK$138.0
Palmer's 帕瑪氏,美國雅兒美白淡斑霜 (75g),HK$198.0
MISKIN,Gold Dia Green 7天新生綠晶眼霜 (30ml),HK$73.0
巴黎歐萊雅,水清新淨白海水仙潔面凝露 (120ml),HK$95.0
FlowFushi,Lip38℃護唇精華 (6.5ml) (Baby Pink /+ 1℃),HK$150.0
TSUM TSUM,小熊維尼&小豬美肌面膜（#02 蜂蜜） (5piece),HK$59.0
FlowFushi,Lip38℃護唇精華 (6.5ml) (Coral orange /+5 ℃),HK$150.0
泉肌,溫和淨肌潔面膏 (150g),HK$88.0
TSUM TSUM,米奇&米妮美肌面膜（#01 摩洛哥堅果油） (5piece),HK$59.0
巴黎歐萊雅,水清新 3合1 智慧水漾潔面乳  (125ml),HK$89.0
瑞斯美,玫瑰精粹美白煥彩面膜 (6piece),HK$380.0
娜芙,娜芙AC-ACTIVE毛孔緊緻化妝水 (135ml),HK$298.0
FARM STAY,蘆薈保濕凝膠噴霧 120ML (120ml),HK$39.0
